{
  "greeting": {
    "x": 40.65003872665869,
    "y": -364.68119471364633
  },
  "pass_through": {
    "x": 1800,
    "y": 210
  },
  "fighter_offer": {
    "x": 1440,
    "y": 210
  },
  "intimidated": {
    "x": 1080,
    "y": 210
  },
  "intimidation_failed": {
    "x": 720,
    "y": 210
  },
  "persuaded": {
    "x": 360,
    "y": 210
  },
  "persuasion_failed": {
    "x": 0,
    "y": 210
  },
  "__end": {
    "x": 720,
    "y": 420
  }
}