{
  "greeting": {
    "x": 175.16874893850945,
    "y": -456.8744138266384
  },
  "__end": {
    "x": 698.6667970221025,
    "y": 298.6825818244988
  },
  "insulted": {
    "x": 276.0332274012897,
    "y": 449.39962799309757
  },
  "awiwi": {
    "x": 442.98396942873194,
    "y": -145.34526469350507
  },
  "node_3": {
    "x": 821.7000183901143,
    "y": -311.77931090353115
  },
  "node_1": {
    "x": 1071.2764430731336,
    "y": -99.67397975382957
  },
  "node_2": {
    "x": 529.9579819998617,
    "y": 8.267499091138342
  },
  "node_4": {
    "x": 1185.1970610535284,
    "y": -193.9297433873927
  },
  "awiwiw": {
    "x": 1302.026825633383,
    "y": -366.16989567809236
  },
  "asas": {
    "x": 511.44541339848513,
    "y": -92.63437995432122
  },
  "asasas": {
    "x": 432.81711895852266,
    "y": -59.20644251767733
  }
}