{
  "greeting": {
    "x": 104.29766700554018,
    "y": -26.017873199600384
  },
  "pitch": {
    "x": 1120,
    "y": 420
  },
  "read_her": {
    "x": 920,
    "y": 210
  },
  "read_failed": {
    "x": 550,
    "y": 210
  },
  "shared_enemy": {
    "x": 960,
    "y": 630
  },
  "recruited": {
    "x": 1575,
    "y": 840
  },
  "not_convinced": {
    "x": 1215,
    "y": 840
  },
  "backed_down": {
    "x": 360,
    "y": 840
  },
  "laughed_off": {
    "x": 0,
    "y": 840
  },
  "__end": {
    "x": 720,
    "y": 1050
  }
}